filename,width,height,class,xmin,ymin,xmax,ymax
bike_299.jpg,1023,682,bike_walker,448,141,944,682
bike_300.jpg,682,1023,bike_walker,116,166,602,984
bike_301.jpg,1024,1024,bike_walker,200,95,736,979
bike_303.jpg,680,1024,bike_walker,131,166,442,864
bike_304.jpg,680,1024,bike_walker,5,94,423,951
bike_305.jpg,1023,739,bike_walker,167,62,858,695
bike_306.jpg,683,1023,bike_walker,81,232,605,908
bike_308.jpg,1023,731,bike_walker,262,53,846,722
bike_309.jpg,1600,1167,bike_walker,209,118,1207,1044
bike_310.jpg,1024,841,bike_walker,215,73,702,787
bike_314.jpg,1067,1700,bike_walker,285,249,839,1408
bike_318.jpg,682,1023,bike_walker,24,40,545,1023
bike_320.jpg,1024,768,bike_walker,624,202,1002,664
bike_322.jpg,1024,768,bike_walker,320,268,514,600
bike_322.jpg,1024,768,bike_walker,520,270,682,530
bike_672.jpg,267,400,bike_walker,6,133,253,373
motor_147.jpg,435,612,motor_walker,95,43,339,430
motor_151.jpg,612,406,motor_walker,199,81,401,270
motor_154.jpg,612,408,motor_walker,125,145,317,392
motor_156.jpg,612,408,motor_walker,146,114,497,408
motor_159.jpg,439,612,motor_walker,17,193,439,555
motor_161.jpg,612,348,motor_walker,146,136,415,348
motor_164.jpg,612,408,motor_walker,259,155,350,279
motor_169.jpg,612,438,motor_walker,254,158,423,416
motor_179.jpg,612,412,motor_walker,372,250,424,311
motor_182.jpg,612,408,motor_walker,193,122,343,335
motor_192.jpg,1300,956,motor_walker,209,1,664,744
motor_197.jpg,299,470,motor_walker,111,155,279,351
motor_201.jpg,600,421,motor_walker,233,26,484,387
motor_202.jpg,960,640,motor_walker,242,322,714,640
motor_205.jpg,678,452,motor_walker,402,177,609,452
motor_208.jpg,1280,853,motor_walker,377,20,988,853
motor_217.jpg,800,533,motor_walker,304,18,589,506
motor_217.jpg,800,533,motor_walker,54,64,302,458
motor_228.jpg,512,342,motor_walker,153,65,304,270
motor_237.jpg,863,1390,motor_walker,79,45,772,1176
motor_240.jpg,1300,963,motor_walker,252,211,720,837
motor_242.jpg,433,650,motor_walker,57,60,433,646
motor_248.jpg,867,1390,motor_walker,205,307,839,1243
motor_251.jpg,1280,720,motor_walker,444,89,799,626
motor_254.jpg,990,627,motor_walker,265,59,568,571
motor_257.jpg,1024,681,motor_walker,692,201,792,350
motor_257.jpg,1024,681,motor_walker,32,116,700,673
motor_261.jpg,1300,955,motor_walker,446,153,854,836
motor_263.jpg,1300,956,motor_walker,333,153,1044,804
motor_268.jpg,1800,1201,motor_walker,588,250,1425,1086
motor_270.jpg,578,459,motor_walker,71,1,452,434
motor_272.jpg,1300,956,motor_walker,332,114,822,792
motor_274.jpg,680,402,motor_walker,201,13,514,402
motor_278.jpg,922,1390,motor_walker,221,393,752,1245
motor_279.jpg,634,581,motor_walker,113,41,620,562
motor_280.jpg,450,299,motor_walker,7,32,154,274
motor_285.jpg,700,366,motor_walker,300,104,460,350
motor_287.jpg,640,427,motor_walker,168,12,386,416
motor_287.jpg,640,427,motor_walker,387,38,580,363
motor_287.jpg,640,427,motor_walker,61,41,158,201
motor_287.jpg,640,427,motor_walker,1,29,79,205
motor_289.jpg,2000,1333,motor_walker,1311,347,1780,1277
motor_289.jpg,2000,1333,motor_walker,1830,503,2000,775
motor_289.jpg,2000,1333,motor_walker,1018,372,1335,1118
motor_289.jpg,2000,1333,motor_walker,709,413,1066,1043
motor_289.jpg,2000,1333,motor_walker,318,358,759,1110
motor_289.jpg,2000,1333,motor_walker,1,447,442,1226
motor_291.jpg,2000,3000,motor_walker,487,1259,1606,2610
motor_293.jpg,800,527,motor_walker,355,140,523,424
motor_296.jpg,500,360,motor_walker,167,18,460,360
motor_304.jpg,660,439,motor_walker,275,170,451,435
motor_304.jpg,660,439,motor_walker,265,147,357,251
motor_306.jpg,660,440,motor_walker,90,48,362,440
motor_309.jpg,640,467,motor_walker,156,77,374,414
motor_309.jpg,640,467,motor_walker,258,66,491,414
motor_311.jpg,480,640,motor_walker,70,54,407,640
motor_314.jpg,462,768,motor_walker,6,7,462,768
motor_316.jpg,236,354,motor_walker,45,46,205,345
motor_318.jpg,476,238,motor_walker,143,2,377,238
motor_320.jpg,528,704,motor_walker,104,75,350,510
motor_324.jpg,360,240,motor_walker,109,18,277,240
motor_327.jpg,700,393,motor_walker,314,97,495,393
motor_329.jpg,300,200,motor_walker,58,21,178,197
motor_331.jpg,640,445,motor_walker,124,4,418,445
motor_336.jpg,750,500,motor_walker,300,62,749,500
motor_339.jpg,700,465,motor_walker,197,88,506,465
motor_341.jpg,448,336,motor_walker,178,82,268,230
motor_343.jpg,602,371,motor_walker,147,82,308,339
motor_345.jpg,512,341,motor_walker,141,27,326,289
motor_347.jpg,1000,669,motor_walker,188,1,794,666
motor_349.jpg,207,243,motor_walker,8,1,196,236
motor_357.jpg,1279,857,motor_walker,340,34,898,813
motor_359.jpg,700,500,motor_walker,37,30,666,484
motor_361.jpg,1279,853,motor_walker,404,51,949,829
motor_362.jpg,1283,849,motor_walker,342,1,976,840
motor_365.jpg,700,500,motor_walker,148,16,591,487
motor_369.jpg,1280,853,motor_walker,438,35,1019,764
motor_371.jpg,500,505,motor_walker,20,4,464,505
motor_377.jpg,1024,681,motor_walker,591,229,829,603
motor_379.jpg,1004,565,motor_walker,385,128,769,565
motor_379.jpg,1004,565,motor_walker,691,104,946,426
motor_382.jpg,500,329,motor_walker,343,221,464,324
motor_384.jpg,1000,694,motor_walker,371,4,779,694
motor_384.jpg,1000,694,motor_walker,44,17,359,668
motor_386.jpg,1600,1236,motor_walker,712,170,1496,1155
motor_388.jpg,600,332,motor_walker,160,39,478,300
motor_391.jpg,180,260,motor_walker,10,43,176,230
motor_396.jpg,500,416,motor_walker,79,75,257,367
motor_404.jpg,1500,1125,motor_walker,432,330,810,982
motor_406.jpg,1300,956,motor_walker,319,141,1045,796
motor_411.jpg,450,302,motor_walker,63,26,303,249
motor_413.jpg,500,333,motor_walker,183,27,359,225
motor_416.jpg,1024,683,motor_walker,468,201,831,584
motor_418.jpg,1365,2048,motor_walker,406,886,1086,2027
motor_425.jpg,800,533,motor_walker,320,123,511,463
motor_425.jpg,800,533,motor_walker,574,162,596,205
motor_425.jpg,800,533,motor_walker,554,166,571,199
motor_425.jpg,800,533,motor_walker,526,164,547,196
motor_427.jpg,640,960,motor_walker,130,324,518,878
motor_427.jpg,640,960,motor_walker,209,300,321,481
motor_430.jpg,900,600,bike_walker,215,9,645,593
motor_433.jpg,1024,1024,motor_walker,209,201,653,950
motor_436.jpg,2048,1434,motor_walker,1325,153,1937,1424
motor_440.jpg,950,520,motor_walker,517,181,678,506
motor_440.jpg,950,520,motor_walker,367,179,508,501
motor_440.jpg,950,520,motor_walker,161,174,359,511
motor_442.jpg,645,363,motor_walker,51,7,454,363
motor_444.jpg,1200,480,motor_walker,9,6,626,472
motor_449.jpg,965,933,motor_walker,377,255,795,781
motor_451.jpg,1051,947,motor_walker,72,14,979,905
motor_453.jpg,1920,1080,motor_walker,381,342,673,853
motor_453.jpg,1920,1080,motor_walker,809,384,1184,1020
motor_453.jpg,1920,1080,motor_walker,1221,375,1809,1080
motor_453.jpg,1920,1080,motor_walker,1,327,351,1034
motor_455.jpg,1920,1080,motor_walker,1497,599,1920,1080
motor_455.jpg,1920,1080,motor_walker,1114,583,1323,862
motor_455.jpg,1920,1080,motor_walker,864,544,1014,783
motor_459.jpg,1920,1080,motor_walker,1097,270,1558,1080
motor_463.jpg,1920,1080,motor_walker,232,1,924,933
motor_466.jpg,720,1280,motor_walker,107,72,578,1049
motor_469.jpg,2048,1364,motor_walker,287,284,1426,1364
motor_471.jpg,2048,1365,motor_walker,478,200,1725,1365
motor_480.jpg,720,960,motor_walker,117,256,574,844
motor_482.jpg,1227,920,motor_walker,355,280,709,830
motor_484.jpg,1227,920,motor_walker,288,311,643,825
motor_488.jpg,960,720,motor_walker,364,260,605,650
motor_490.jpg,2048,1536,motor_walker,688,423,1526,1422
motor_492.jpg,720,960,motor_walker,113,131,609,960
motor_494.jpg,528,960,motor_walker,73,152,394,666
motor_501.jpg,1920,1080,motor_walker,1,160,522,672
motor_504.jpg,1920,1080,motor_walker,424,492,891,864
motor_511.jpg,1920,1080,motor_walker,828,24,1093,477
motor_517.jpg,1920,1080,motor_walker,218,279,746,1079
motor_519.jpg,1920,1080,motor_walker,809,173,1468,829
motor_521.jpg,1920,1080,motor_walker,702,37,1148,453
motor_526.jpg,1920,1080,motor_walker,813,354,1387,792
motor_499.jpg,480,360,motor_walker,287,115,433,317
motor_532.jpg,1120,1680,motor_walker,1,225,1028,1680
motor_534.jpg,1200,900,motor_walker,80,1,969,897
motor_538.jpg,600,456,motor_walker,108,144,182,260
motor_538.jpg,600,456,motor_walker,1,160,76,266
motor_538.jpg,600,456,motor_walker,310,59,566,456
motor_540.jpg,600,400,motor_walker,164,1,410,366
motor_542.jpg,700,395,motor_walker,192,3,543,395
motor_543.jpg,780,390,motor_walker,102,30,501,390
motor_545.jpg,640,424,motor_walker,279,1,499,418
motor_547.jpg,2048,1536,motor_walker,381,8,1268,1536
motor_552.jpg,1193,670,motor_walker,276,50,698,670
motor_556.jpg,740,444,motor_walker,152,21,624,427
motor_563.jpg,600,405,motor_walker,50,4,378,396
motor_566.jpg,700,467,motor_walker,83,56,225,247
motor_569.jpg,500,281,motor_walker,172,13,298,273
motor_570.jpg,2000,1333,motor_walker,545,247,1126,1257
motor_570.jpg,2000,1333,motor_walker,1172,252,1565,902
motor_573.jpg,2000,1333,motor_walker,686,324,1253,1240
motor_575.jpg,960,598,motor_walker,542,74,810,529
motor_575.jpg,960,598,motor_walker,194,63,431,470
motor_576.jpg,942,619,motor_walker,343,92,594,581
motor_576.jpg,942,619,motor_walker,128,125,292,406
motor_578.jpg,1000,666,motor_walker,284,195,680,599
motor_578.jpg,1000,666,motor_walker,771,198,827,290
motor_580.jpg,1000,666,motor_walker,312,356,536,579
motor_585.jpg,500,746,motor_walker,41,130,447,555
motor_586.jpg,500,719,motor_walker,197,115,366,425
motor_587.jpg,500,700,motor_walker,196,100,400,422
bike_3.jpg,318,450,bike_walker,90,35,265,440
bike_8.jpg,600,420,bike_walker,174,61,330,376
bike_64.jpg,600,420,bike_walker,395,50,556,382
bike_69.jpg,600,420,bike_walker,366,48,527,375
bike_247.jpg,600,420,bike_walker,205,40,377,372
bike_250.jpg,600,420,bike_walker,284,65,426,351
bike_250.jpg,600,420,bike_walker,104,64,249,362
bike_248.jpg,600,418,bike_walker,261,124,346,309
bike_251.jpg,600,420,bike_walker,83,47,433,375
bike_288.jpg,600,420,bike_walker,129,40,429,377
bike_295.jpg,600,420,bike_walker,26,169,164,343
motor_230.jpg,470,1004,motor_walker,88,193,465,826
motor_245.jpg,780,640,motor_walker,327,97,612,574
motor_282.jpg,500,333,motor_walker,263,1,500,302
motor_322.jpg,2048,1366,motor_walker,483,366,1623,1354
motor_400.jpg,658,589,motor_walker,15,10,376,501
motor_401.jpg,1132,1392,motor_walker,247,126,1001,1280
motor_423.jpg,2048,1270,motor_walker,381,315,1005,1262
motor_476.jpg,1068,1364,motor_walker,107,95,1019,1327
motor_506.jpg,1140,1364,motor_walker,85,310,1129,1272
motor_507.jpg,660,440,motor_walker,235,23,398,304
motor_509.jpg,1024,683,motor_walker,375,52,793,602
motor_513.jpg,1024,683,motor_walker,217,253,504,644
motor_528.jpg,1000,666,motor_walker,436,221,620,519
motor_574.jpg,1000,666,motor_walker,564,242,708,508
motor_581.jpg,800,533,motor_walker,333,127,506,448
motor_582.jpg,2048,1072,motor_walker,1128,91,1688,1039
motor_583.jpg,1000,666,motor_walker,264,202,683,600
motor_584.jpg,806,1080,motor_walker,76,29,794,1064
motor_588.jpg,620,413,motor_walker,210,100,383,375
motor_589.jpg,660,440,motor_walker,181,78,367,412
motor_589.jpg,660,440,motor_walker,384,87,515,301
motor_590.jpg,660,439,motor_walker,257,167,433,436
motor_591.jpg,400,440,motor_walker,86,120,202,333
motor_592.jpg,660,440,motor_walker,217,79,378,435
motor_593.jpg,376,462,motor_walker,25,179,159,415
motor_595.jpg,500,375,motor_walker,130,15,351,368
motor_597.jpg,563,527,motor_walker,83,10,444,511
motor_599.jpg,1024,661,motor_walker,89,64,719,650
motor_601.jpg,2048,1367,motor_walker,269,295,1033,1278
motor_602.jpg,1024,556,motor_walker,292,184,675,506
motor_604.jpg,211,454,motor_walker,11,41,200,454
motor_572.jpg,540,960,motor_walker,68,139,436,960
motor_603.jpg,538,918,motor_walker,46,194,406,876
motor_502.jpg,559,683,motor_walker,209,271,416,637
motor_508.jpg,660,440,motor_walker,272,56,481,440
motor_514.jpg,924,590,motor_walker,511,112,881,531
motor_514.jpg,924,590,motor_walker,133,66,509,556
motor_527.jpg,660,440,motor_walker,138,183,233,346
motor_503.jpg,1408,1364,motor_walker,310,330,1389,1358
motor_441.jpg,868,1012,motor_walker,139,381,856,1006
motor_464.jpg,1024,683,motor_walker,299,188,872,550
motor_445.jpg,2048,1378,motor_walker,822,489,1290,1128
motor_428.jpg,932,874,motor_walker,71,174,908,874
motor_332.jpg,792,912,motor_walker,102,287,721,898
motor_397.jpg,746,682,motor_walker,46,20,746,651
motor_352.jpg,1000,649,motor_walker,43,329,401,622
motor_415.jpg,665,443,motor_walker,455,190,582,426
motor_353.jpg,1192,1320,motor_walker,365,205,1055,1288
motor_310.jpg,894,1304,motor_walker,94,294,782,1302
motor_354.jpg,742,1056,motor_walker,207,140,637,869
motor_407.jpg,1024,694,motor_walker,305,36,993,660
motor_403.jpg,1024,635,motor_walker,217,73,971,635
motor_267.jpg,500,818,motor_walker,170,224,442,678
motor_281.jpg,600,861,motor_walker,129,321,510,861
motor_265.jpg,450,800,motor_walker,36,57,352,663
motor_124.jpg,480,446,motor_walker,248,170,406,393
motor_184.jpg,581,569,motor_walker,51,43,521,512
motor_125.jpg,1024,709,motor_walker,330,128,991,709
motor_92.jpg,666,732,motor_walker,232,222,507,681
motor_216.jpg,960,640,motor_walker,500,205,857,524
motor_259.jpg,680,510,motor_walker,110,3,550,495
motor_41.jpg,439,600,motor_walker,47,61,347,569
motor_11.jpg,509,449,motor_walker,52,76,418,427
motor_2.jpg,394,531,motor_walker,75,19,390,479
motor_1.jpg,645,451,motor_walker,261,90,641,451
bike_921.jpg,1300,956,bike_walker,369,326,532,633
bike_921.jpg,1300,956,bike_walker,218,357,372,657
bike_892.jpg,1300,956,bike_walker,762,211,1051,796
bike_813.jpg,1300,956,bike_walker,212,364,452,835
bike_919.jpg,866,1390,bike_walker,165,262,547,994
bike_918.jpg,866,1390,bike_walker,166,184,756,1285
bike_774.jpg,866,1390,bike_walker,81,97,619,1203
bike_805.jpg,866,1390,bike_walker,65,6,728,1298
bike_762.jpg,1300,957,bike_walker,457,261,738,819
bike_759.jpg,1300,957,bike_walker,339,139,842,867
bike_915.jpg,1300,956,bike_walker,448,116,821,758
bike_739.jpg,1300,957,bike_walker,708,419,897,756
bike_701.jpg,866,1390,bike_walker,86,94,652,1226
bike_714.jpg,866,1390,bike_walker,144,263,684,1262
bike_684.jpg,1300,956,bike_walker,177,52,617,789
bike_662.jpg,866,1390,bike_walker,169,159,694,1181
bike_678.jpg,1300,1074,bike_walker,311,59,774,883
bike_667.jpg,1300,956,bike_walker,906,380,1080,693
bike_658.jpg,866,1390,bike_walker,174,73,691,1275
bike_665.jpg,1300,956,bike_walker,1,151,540,864
bike_637.jpg,866,1390,bike_walker,431,700,650,1038
bike_637.jpg,866,1390,bike_walker,189,600,418,1051
bike_634.jpg,866,1390,bike_walker,165,635,441,1200
bike_634.jpg,866,1390,bike_walker,469,795,689,1203
bike_626.jpg,866,1390,bike_walker,544,791,780,1238
bike_626.jpg,866,1390,bike_walker,205,687,491,1247
bike_579.jpg,1300,957,bike_walker,717,149,1118,869
bike_565.jpg,1300,956,bike_walker,474,149,781,777
bike_565.jpg,1300,956,bike_walker,161,210,446,791
bike_541.jpg,1300,956,bike_walker,161,99,911,863
bike_564.jpg,1300,957,bike_walker,161,82,719,708
bike_553.jpg,1300,957,bike_walker,134,161,793,869
bike_539.jpg,500,382,bike_walker,71,18,284,382
bike_513.jpg,626,409,bike_walker,421,23,571,354
bike_513.jpg,626,409,bike_walker,259,6,421,347
bike_496.jpg,626,417,bike_walker,368,1,572,411
bike_496.jpg,626,417,bike_walker,175,39,368,417
bike_518.jpg,500,334,bike_walker,88,27,290,331
bike_511.jpg,626,417,bike_walker,398,44,552,394
bike_511.jpg,626,417,bike_walker,203,24,395,382
bike_540.jpg,500,334,bike_walker,126,4,306,334
bike_516.jpg,626,417,bike_walker,11,108,161,412
bike_495.jpg,500,334,bike_walker,75,7,410,322
bike_486.jpg,334,500,bike_walker,42,35,297,474
bike_474.jpg,500,334,bike_walker,246,130,321,249
bike_483.jpg,626,939,bike_walker,243,181,588,930
bike_475.jpg,626,417,bike_walker,350,53,529,397
bike_469.jpg,626,451,bike_walker,309,143,463,435
bike_469.jpg,626,451,bike_walker,85,41,295,435
bike_472.jpg,499,333,bike_walker,203,83,339,326
bike_458.jpg,626,417,bike_walker,153,78,365,395
bike_457.jpg,626,937,bike_walker,209,374,414,799
bike_449.jpg,626,417,bike_walker,290,61,471,409
bike_446.jpg,626,417,bike_walker,219,155,448,357
bike_439.jpg,626,416,bike_walker,330,189,549,410
bike_438.jpg,626,417,bike_walker,167,121,286,377
bike_432.jpg,626,417,bike_walker,268,100,413,410
bike_430.jpg,626,417,bike_walker,82,116,323,397
bike_423.jpg,626,939,bike_walker,179,359,435,841
bike_429.jpg,626,417,bike_walker,226,68,554,403
bike_414.jpg,626,626,bike_walker,37,221,235,616
bike_425.jpg,626,938,bike_walker,95,230,417,911
bike_409.jpg,626,417,bike_walker,237,22,397,389
bike_411.jpg,626,417,bike_walker,252,59,539,395
bike_388.jpg,626,417,bike_walker,196,45,383,393
bike_387.jpg,417,626,bike_walker,31,40,394,610
bike_385.jpg,626,416,bike_walker,257,58,421,357
bike_365.jpg,626,417,bike_walker,254,93,491,408
bike_352.jpg,600,420,bike_walker,28,58,186,371
bike_351.jpg,600,420,bike_walker,406,85,559,382
motor_579.jpg,1000,666,motor_walker,459,300,815,652
bike_326.jpg,400,620,bike_walker,55,54,316,595
bike_323.jpg,600,420,bike_walker,230,419,465,420
bike_323.jpg,600,420,bike_walker,68,89,361,380
bike_327.jpg,600,420,bike_walker,146,388,507,420
bike_327.jpg,600,420,bike_walker,74,36,419,359
motor_577.jpg,1000,666,motor_walker,565,238,708,506
motor_571.jpg,2000,1333,motor_walker,399,559,719,1050
motor_571.jpg,2000,1333,motor_walker,802,580,1181,1283
motor_562.jpg,1365,2048,motor_walker,171,697,991,1964
motor_568.jpg,500,300,motor_walker,18,3,201,203
motor_567.jpg,500,375,motor_walker,121,20,417,369
motor_559.jpg,1280,720,motor_walker,212,8,855,720
motor_557.jpg,420,280,motor_walker,32,33,280,271
motor_558.jpg,2000,1070,motor_walker,102,80,1527,1028
motor_555.jpg,1024,768,motor_walker,1,266,376,675
motor_555.jpg,1024,768,motor_walker,371,287,592,608
motor_555.jpg,1024,768,motor_walker,595,291,808,572
motor_555.jpg,1024,768,motor_walker,837,304,995,558
motor_554.jpg,320,320,motor_walker,72,12,224,285
motor_553.jpg,800,511,motor_walker,373,223,533,506
motor_551.jpg,650,366,motor_walker,421,31,611,356
motor_548.jpg,3648,2736,motor_walker,1594,879,2223,2058
motor_541.jpg,282,179,motor_walker,18,13,259,179
motor_544.jpg,780,470,motor_walker,25,29,359,446
motor_546.jpg,640,416,motor_walker,136,15,358,352
motor_539.jpg,1600,875,motor_walker,460,264,960,875
motor_536.jpg,1200,900,motor_walker,34,160,871,847
motor_535.jpg,1600,1200,motor_walker,177,274,1253,1075
motor_531.jpg,1600,1200,motor_walker,269,113,1415,1084
motor_533.jpg,1200,900,motor_walker,434,1,1170,899
motor_529.jpg,1920,1080,motor_walker,968,114,1346,653
motor_524.jpg,1920,1080,motor_walker,837,522,1128,817
motor_522.jpg,1920,1080,motor_walker,382,1,834,638
motor_518.jpg,1920,1080,motor_walker,209,207,723,1077
motor_500.jpg,1920,1080,motor_walker,189,182,752,649
motor_510.jpg,1920,1080,motor_walker,661,230,1107,933
motor_516.jpg,1920,1080,motor_walker,1144,498,1583,1025
motor_491.jpg,1638,2048,motor_walker,370,145,1396,2048
motor_496.jpg,720,960,motor_walker,226,117,550,711
motor_493.jpg,528,960,motor_walker,159,215,523,824
motor_495.jpg,540,960,motor_walker,156,259,301,433
motor_489.jpg,2048,1536,motor_walker,864,341,1505,1470
motor_481.jpg,960,720,motor_walker,353,366,686,704
motor_483.jpg,1227,920,motor_walker,366,399,686,875
motor_474.jpg,604,960,motor_walker,331,284,603,692
motor_472.jpg,2048,1365,motor_walker,696,514,1225,1365
motor_475.jpg,644,960,motor_walker,286,461,439,726
motor_470.jpg,2048,1364,motor_walker,1035,632,1875,1261
motor_465.jpg,1920,1080,motor_walker,711,1,1757,943
motor_467.jpg,1079,1352,motor_walker,1,242,1066,1352
motor_468.jpg,2048,1365,motor_walker,487,411,1119,1365
motor_460.jpg,1920,1080,motor_walker,826,168,1561,1080
motor_462.jpg,1920,1080,motor_walker,139,87,1477,1080
motor_458.jpg,1920,1080,motor_walker,441,49,1161,990
motor_456.jpg,1920,1080,motor_walker,342,53,1081,1080
motor_452.jpg,1177,967,motor_walker,254,18,812,892
motor_454.jpg,1920,1080,motor_walker,473,207,1016,1065
motor_454.jpg,1920,1080,motor_walker,1228,229,1920,1080
motor_454.jpg,1920,1080,motor_walker,76,302,434,839
motor_450.jpg,775,951,motor_walker,225,285,681,834
motor_448.jpg,949,847,motor_walker,456,163,884,694
motor_447.jpg,1687,1003,motor_walker,444,7,1114,981
motor_443.jpg,1200,480,motor_walker,43,23,654,475
motor_439.jpg,1120,700,motor_walker,589,175,792,438
motor_438.jpg,400,300,motor_walker,133,5,275,299
motor_437.jpg,720,720,motor_walker,247,31,567,712
motor_435.jpg,640,960,motor_walker,10,15,634,947
motor_431.jpg,1200,675,motor_walker,995,206,1195,542
motor_431.jpg,1200,675,motor_walker,664,204,1015,502
motor_431.jpg,1200,675,motor_walker,244,212,716,592
motor_431.jpg,1200,675,motor_walker,12,191,252,549
motor_429.jpg,640,427,motor_walker,370,86,505,295
motor_429.jpg,640,427,motor_walker,178,77,358,401
motor_424.jpg,800,533,motor_walker,319,99,513,472
motor_424.jpg,800,533,motor_walker,544,199,660,427
motor_424.jpg,800,533,motor_walker,69,120,288,470
motor_426.jpg,1000,1500,motor_walker,188,214,852,1233
motor_421.jpg,1024,706,motor_walker,413,37,1002,660
motor_422.jpg,960,640,motor_walker,186,28,531,600
motor_420.jpg,1225,817,motor_walker,528,344,837,774
motor_414.jpg,1024,576,motor_walker,107,1,662,576
motor_412.jpg,800,600,motor_walker,224,184,401,432
motor_410.jpg,1080,810,motor_walker,364,393,909,794
motor_402.jpg,600,874,motor_walker,22,108,600,853
motor_409.jpg,2000,1333,motor_walker,666,340,1226,1236
motor_405.jpg,480,360,motor_walker,215,27,480,349
motor_399.jpg,480,640,motor_walker,66,64,404,624
motor_398.jpg,800,575,motor_walker,367,64,685,557
motor_395.jpg,640,443,motor_walker,310,14,612,374
motor_393.jpg,800,533,motor_walker,135,227,374,496
motor_392.jpg,369,480,motor_walker,30,7,364,467
motor_389.jpg,480,360,motor_walker,53,8,308,322
motor_390.jpg,400,305,motor_walker,160,45,307,264
motor_387.jpg,400,300,motor_walker,139,43,296,279
motor_383.jpg,512,287,motor_walker,93,3,422,287
motor_380.jpg,1920,1421,motor_walker,527,129,1181,1200
motor_376.jpg,869,1390,motor_walker,81,62,779,1234
motor_374.jpg,960,640,motor_walker,175,112,673,580
motor_381.jpg,680,451,motor_walker,160,40,348,415
motor_375.jpg,296,244,motor_walker,100,11,226,241
motor_372.jpg,680,468,motor_walker,408,173,579,386
motor_368.jpg,1280,720,motor_walker,485,76,962,693
motor_370.jpg,750,566,motor_walker,115,4,750,559
motor_364.jpg,400,600,motor_walker,66,156,347,579
motor_363.jpg,470,640,motor_walker,16,135,227,523
motor_360.jpg,275,183,motor_walker,31,21,250,170
motor_358.jpg,512,384,motor_walker,164,47,372,346
motor_356.jpg,1200,1600,motor_walker,298,433,775,994
motor_355.jpg,719,686,motor_walker,268,149,510,576
motor_348.jpg,512,372,motor_walker,118,3,431,372
motor_344.jpg,960,640,motor_walker,372,89,707,589
motor_344.jpg,960,640,motor_walker,721,128,875,376
motor_342.jpg,780,440,motor_walker,215,6,590,440
motor_340.jpg,830,556,motor_walker,43,52,380,519
motor_337.jpg,600,450,motor_walker,195,122,394,352
motor_338.jpg,448,299,motor_walker,87,62,215,260
motor_335.jpg,750,500,motor_walker,476,45,646,354
motor_333.jpg,700,465,motor_walker,274,105,509,386
motor_330.jpg,266,363,motor_walker,12,23,241,357
motor_328.jpg,665,374,motor_walker,70,14,305,322
motor_323.jpg,700,465,motor_walker,350,64,576,456
motor_321.jpg,2048,1536,motor_walker,464,1,1323,1522
motor_319.jpg,612,816,motor_walker,76,82,535,770
motor_312.jpg,800,800,motor_walker,40,67,762,800
motor_315.jpg,398,653,motor_walker,60,38,373,640
motor_313.jpg,427,680,motor_walker,14,213,213,520
motor_307.jpg,612,408,motor_walker,134,70,355,398
motor_303.jpg,800,533,motor_walker,312,123,511,445
motor_303.jpg,800,533,motor_walker,573,163,596,205
motor_303.jpg,800,533,motor_walker,552,165,571,201
motor_303.jpg,800,533,motor_walker,527,164,543,198
motor_299.jpg,299,168,motor_walker,71,2,269,168
motor_297.jpg,512,384,motor_walker,88,45,385,384
motor_295.jpg,960,720,motor_walker,144,116,719,714
motor_290.jpg,350,240,motor_walker,129,17,246,227
motor_294.jpg,700,452,motor_walker,134,1,359,447
motor_288.jpg,660,440,motor_walker,164,135,255,314
motor_288.jpg,660,440,bike_walker,278,158,339,261
motor_286.jpg,670,350,motor_walker,302,61,462,332
motor_284.jpg,1300,956,motor_walker,382,62,871,879
motor_277.jpg,480,360,motor_walker,76,48,396,355
motor_283.jpg,400,620,motor_walker,42,146,313,493
motor_273.jpg,612,363,motor_walker,341,134,447,297
motor_269.jpg,700,787,motor_walker,81,16,640,763
motor_264.jpg,1200,798,motor_walker,429,148,778,774
motor_271.jpg,1600,1164,motor_walker,782,182,1246,1067
motor_260.jpg,433,650,motor_walker,1,174,353,644
motor_258.jpg,500,334,motor_walker,154,54,356,308
motor_256.jpg,866,1390,motor_walker,69,265,637,1068
motor_253.jpg,660,356,motor_walker,16,104,372,356
motor_250.jpg,800,748,motor_walker,90,10,663,741
motor_249.jpg,866,1390,motor_walker,221,459,769,1247
motor_244.jpg,600,400,motor_walker,149,46,322,275
motor_246.jpg,1300,1009,motor_walker,264,177,887,819
motor_243.jpg,1600,1200,motor_walker,165,18,1387,1200
motor_239.jpg,1600,1030,motor_walker,548,73,1325,848
motor_241.jpg,1300,957,motor_walker,437,258,765,729
motor_236.jpg,512,437,motor_walker,16,24,507,417
motor_233.jpg,600,420,motor_walker,96,66,443,391
motor_235.jpg,700,704,motor_walker,157,13,622,696
motor_231.jpg,1280,720,motor_walker,133,1,874,707
motor_229.jpg,728,410,motor_walker,194,3,510,410
motor_227.jpg,2000,1322,motor_walker,817,225,1512,1322
motor_227.jpg,2000,1322,motor_walker,1537,116,1928,837
motor_226.jpg,648,469,motor_walker,61,5,489,469
motor_225.jpg,256,197,motor_walker,60,1,219,197
motor_224.jpg,350,240,motor_walker,75,2,238,227
motor_222.jpg,392,375,motor_walker,113,96,262,346
motor_221.jpg,660,924,motor_walker,61,402,392,873
motor_221.jpg,660,924,motor_walker,383,370,482,545
motor_215.jpg,612,408,motor_walker,199,35,510,390
motor_218.jpg,660,440,motor_walker,250,68,418,362
motor_220.jpg,660,440,motor_walker,242,143,433,437
motor_212.jpg,1300,1039,motor_walker,91,121,880,932
motor_211.jpg,600,400,motor_walker,25,17,569,400
motor_206.jpg,650,433,motor_walker,39,46,371,433
motor_206.jpg,650,433,motor_walker,238,35,560,433
motor_207.jpg,960,640,motor_walker,61,74,712,640
motor_209.jpg,400,600,motor_walker,14,33,311,571
motor_210.jpg,600,400,motor_walker,24,23,576,395
motor_204.jpg,678,452,motor_walker,208,36,485,452
motor_200.jpg,600,401,motor_walker,231,77,471,356
motor_194.jpg,1300,975,motor_walker,319,293,779,744
motor_193.jpg,866,1390,motor_walker,219,466,534,1026
motor_191.jpg,1300,959,motor_walker,148,293,471,729
motor_191.jpg,1300,959,bike_walker,948,206,1269,673
motor_190.jpg,612,494,motor_walker,45,38,495,467
motor_185.jpg,612,416,motor_walker,85,14,444,380
motor_180.jpg,612,409,motor_walker,15,28,268,403
motor_177.jpg,612,408,motor_walker,197,160,407,408
motor_177.jpg,612,408,motor_walker,421,225,528,360
motor_178.jpg,612,421,motor_walker,162,91,406,333
motor_176.jpg,464,612,motor_walker,21,61,464,568
motor_173.jpg,403,612,motor_walker,20,107,388,609
motor_172.jpg,612,385,motor_walker,185,138,370,340
motor_168.jpg,408,612,motor_walker,63,49,307,353
motor_167.jpg,612,428,motor_walker,24,169,320,390
motor_165.jpg,612,408,motor_walker,230,199,300,290
motor_160.jpg,612,409,motor_walker,48,39,253,395
motor_158.jpg,612,408,motor_walker,214,77,605,390
motor_157.jpg,612,394,motor_walker,196,136,343,269
motor_157.jpg,612,394,motor_walker,427,164,563,300
motor_152.jpg,612,407,motor_walker,129,97,295,333
motor_150.jpg,612,408,motor_walker,182,120,363,378
motor_149.jpg,612,414,motor_walker,181,26,605,387
motor_148.jpg,612,420,motor_walker,139,83,543,387
motor_145.jpg,612,407,motor_walker,199,65,572,396
motor_139.jpg,612,408,motor_walker,31,36,376,408
motor_140.jpg,612,408,motor_walker,424,195,579,399
motor_141.jpg,612,418,motor_walker,1,6,607,418
motor_142.jpg,612,399,motor_walker,247,46,510,345
motor_144.jpg,612,408,motor_walker,214,32,501,384
motor_137.jpg,612,387,motor_walker,450,144,594,375
motor_137.jpg,612,387,motor_walker,286,149,401,336
motor_137.jpg,612,387,motor_walker,158,117,275,332
motor_137.jpg,612,387,motor_walker,49,130,142,323
motor_136.jpg,612,374,motor_walker,208,30,364,343
motor_136.jpg,612,374,motor_walker,366,25,530,366
motor_136.jpg,612,374,motor_walker,10,82,206,364
motor_135.jpg,612,409,motor_walker,236,165,346,327
motor_134.jpg,612,407,motor_walker,256,70,507,407
motor_133.jpg,612,408,motor_walker,198,96,450,308
motor_130.jpg,612,408,motor_walker,118,160,264,376
motor_132.jpg,612,401,motor_walker,193,128,464,398
motor_127.jpg,612,332,motor_walker,168,107,411,304
motor_123.jpg,612,408,motor_walker,11,7,564,392
motor_122.jpg,612,427,motor_walker,16,51,552,427
motor_121.jpg,612,382,motor_walker,370,152,521,343
motor_120.jpg,612,408,motor_walker,365,205,504,314
motor_119.jpg,612,387,motor_walker,309,51,520,325
motor_118.jpg,612,423,motor_walker,184,67,418,378
motor_114.jpg,612,408,motor_walker,98,19,424,406
motor_117.jpg,612,408,motor_walker,245,24,444,335
motor_115.jpg,486,612,motor_walker,66,27,337,492
motor_112.jpg,612,445,motor_walker,133,27,433,445
motor_113.jpg,612,409,motor_walker,454,178,602,347
motor_111.jpg,612,407,motor_walker,205,52,409,402
motor_109.jpg,612,447,motor_walker,264,19,515,424
motor_108.jpg,390,612,motor_walker,1,218,316,612
motor_104.jpg,612,390,motor_walker,35,88,250,357
motor_106.jpg,612,407,motor_walker,166,66,419,368
motor_105.jpg,612,607,motor_walker,259,165,509,504
motor_101.jpg,612,408,motor_walker,152,84,551,385
motor_100.jpg,612,408,motor_walker,199,32,479,369
motor_99.jpg,612,408,motor_walker,209,110,489,369
motor_98.jpg,435,612,motor_walker,27,106,417,521
motor_96.jpg,612,408,motor_walker,235,93,408,333
motor_97.jpg,612,408,motor_walker,180,89,474,326
motor_94.jpg,612,460,motor_walker,176,214,438,432
motor_91.jpg,612,407,motor_walker,82,81,600,407
motor_93.jpg,612,407,motor_walker,215,11,356,226
motor_90.jpg,612,405,motor_walker,153,127,413,340
motor_89.jpg,612,408,motor_walker,74,2,542,408
motor_88.jpg,612,408,motor_walker,145,128,265,394
motor_88.jpg,612,408,motor_walker,257,82,612,408
motor_86.jpg,612,408,motor_walker,291,104,485,269
motor_87.jpg,612,408,motor_walker,286,129,452,371
motor_85.jpg,612,338,motor_walker,217,46,349,228
motor_84.jpg,612,408,motor_walker,252,88,387,287
motor_81.jpg,612,503,motor_walker,222,60,532,503
motor_82.jpg,612,408,motor_walker,53,80,491,408
motor_79.jpg,409,612,motor_walker,107,217,408,608
motor_78.jpg,398,612,motor_walker,40,170,354,612
motor_77.jpg,612,408,motor_walker,151,55,402,408
motor_76.jpg,612,408,motor_walker,202,126,433,287
motor_74.jpg,640,466,motor_walker,94,28,477,439
motor_73.jpg,640,539,motor_walker,423,226,577,464
motor_72.jpg,640,466,motor_walker,102,26,380,435
motor_69.jpg,422,680,motor_walker,37,63,422,629
motor_70.jpg,640,468,motor_walker,233,140,538,357
motor_71.jpg,640,466,motor_walker,216,73,419,412
motor_67.jpg,640,466,motor_walker,54,58,616,389
motor_66.jpg,640,445,motor_walker,241,35,578,370
motor_66.jpg,640,445,motor_walker,20,41,322,355
motor_65.jpg,640,467,motor_walker,90,49,547,426
motor_64.jpg,640,466,motor_walker,152,124,522,409
motor_61.jpg,427,680,motor_walker,52,173,289,625
motor_63.jpg,640,466,motor_walker,73,1,446,429
motor_60.jpg,640,467,motor_walker,320,140,488,332
motor_58.jpg,427,680,motor_walker,2,208,217,519
motor_59.jpg,422,680,motor_walker,46,84,422,613
motor_56.jpg,640,467,motor_walker,260,27,514,402
motor_53.jpg,612,408,motor_walker,227,45,551,408
motor_52.jpg,612,379,motor_walker,124,47,583,379
motor_51.jpg,600,900,motor_walker,153,278,503,742
motor_49.jpg,1300,957,motor_walker,389,161,799,781
motor_50.jpg,866,1390,motor_walker,215,447,569,1054
motor_48.jpg,1300,956,motor_walker,54,22,675,865
motor_48.jpg,1300,956,motor_walker,266,4,938,866
motor_47.jpg,1300,956,motor_walker,322,83,771,825
motor_47.jpg,1300,956,motor_walker,539,117,1006,866
motor_44.jpg,1600,1168,motor_walker,491,247,1409,1059
motor_43.jpg,433,650,motor_walker,33,138,319,614
motor_42.jpg,540,360,motor_walker,141,108,400,316
motor_40.jpg,1300,866,motor_walker,530,279,770,681
motor_39.jpg,1300,861,motor_walker,694,97,1088,834
motor_37.jpg,866,1300,motor_walker,147,209,673,1122
motor_38.jpg,866,1300,motor_walker,134,304,790,1253
motor_36.jpg,866,1300,motor_walker,120,182,773,1157
motor_35.jpg,1300,866,motor_walker,488,130,891,784
motor_33.jpg,1300,866,motor_walker,58,47,1024,743
motor_34.jpg,1300,864,motor_walker,834,389,967,591
motor_32.jpg,1300,866,motor_walker,493,226,1121,673
motor_31.jpg,1300,866,motor_walker,457,176,1098,675
motor_30.jpg,800,533,motor_walker,233,96,650,533
motor_29.jpg,800,533,motor_walker,267,165,439,400
motor_29.jpg,800,533,motor_walker,162,163,367,413
motor_26.jpg,564,564,motor_walker,182,18,564,527
motor_27.jpg,473,640,motor_walker,122,162,376,589
motor_28.jpg,800,533,motor_walker,344,188,442,357
motor_24.jpg,432,640,motor_walker,11,34,375,640
motor_22.jpg,552,394,motor_walker,1,26,470,394
motor_23.jpg,453,583,motor_walker,56,10,440,573
motor_20.jpg,564,564,motor_walker,69,227,493,499
motor_21.jpg,236,220,motor_walker,100,54,232,187
motor_21.jpg,236,220,motor_walker,4,57,100,170
motor_19.jpg,1200,800,motor_walker,307,3,970,779
motor_18.jpg,800,533,motor_walker,170,95,623,501
motor_17.jpg,800,533,motor_walker,167,23,778,533
motor_16.jpg,600,900,motor_walker,62,206,481,743
motor_15.jpg,669,900,motor_walker,495,461,635,698
motor_14.jpg,800,533,motor_walker,222,144,402,405
motor_14.jpg,800,533,motor_walker,333,137,505,424
motor_12.jpg,800,600,motor_walker,274,132,484,406
motor_13.jpg,800,533,motor_walker,342,200,448,351
motor_10.jpg,800,535,motor_walker,283,152,487,522
motor_7.jpg,650,488,motor_walker,25,93,425,475
motor_4.jpg,650,433,motor_walker,265,13,628,433
motor_3.jpg,650,434,motor_walker,228,53,531,429
bike_939.jpg,800,550,bike_walker,158,139,379,483
bike_938.jpg,955,1300,bike_walker,416,227,851,1149
bike_934.jpg,194,259,bike_walker,13,38,168,256
bike_935.jpg,512,341,bike_walker,92,51,293,317
bike_933.jpg,730,487,bike_walker,146,82,411,477
bike_931.jpg,640,640,bike_walker,55,174,294,595
bike_931.jpg,640,640,bike_walker,328,201,572,618
bike_929.jpg,400,311,bike_walker,135,43,262,286
bike_928.jpg,1300,866,bike_walker,564,65,1057,748
bike_926.jpg,467,700,bike_walker,63,164,319,678
bike_925.jpg,500,373,bike_walker,200,140,308,351
bike_925.jpg,500,373,bike_walker,356,139,471,365
bike_925.jpg,500,373,bike_walker,73,128,199,350
bike_924.jpg,273,185,bike_walker,148,14,259,185
bike_924.jpg,273,185,bike_walker,93,34,148,175
bike_920.jpg,450,318,bike_walker,123,55,243,290
bike_923.jpg,1500,1125,bike_walker,550,285,952,1088
bike_916.jpg,318,450,bike_walker,47,178,197,447
bike_913.jpg,1200,800,bike_walker,494,154,907,758
bike_914.jpg,730,487,bike_walker,210,141,384,435
bike_912.jpg,866,1390,bike_walker,164,229,646,1145
bike_922.jpg,307,460,bike_walker,99,202,199,435
bike_922.jpg,307,460,bike_walker,205,199,307,418
bike_911.jpg,640,960,bike_walker,168,296,441,792
bike_910.jpg,275,183,bike_walker,86,26,178,165
bike_910.jpg,275,183,bike_walker,16,32,82,183
bike_908.jpg,1120,747,bike_walker,65,61,450,707
bike_906.jpg,957,1300,bike_walker,174,293,628,1071
bike_905.jpg,958,1300,bike_walker,193,515,581,1207
bike_903.jpg,1200,960,bike_walker,373,243,741,834
bike_902.jpg,1300,867,bike_walker,260,63,600,797
bike_900.jpg,1300,866,bike_walker,142,68,889,862
bike_899.jpg,1300,866,bike_walker,177,18,1056,848
bike_898.jpg,450,320,bike_walker,57,30,317,302
bike_897.jpg,620,413,bike_walker,1,63,346,413
bike_894.jpg,852,480,bike_walker,219,24,576,418
bike_895.jpg,1300,956,bike_walker,152,300,910,806
bike_893.jpg,500,375,bike_walker,13,41,459,375
bike_889.jpg,1024,683,bike_walker,1,170,502,683
bike_891.jpg,975,1390,bike_walker,410,548,681,944
bike_891.jpg,975,1390,bike_walker,492,456,534,521
bike_891.jpg,975,1390,bike_walker,466,452,490,500
bike_890.jpg,291,173,bike_walker,160,17,241,130
bike_890.jpg,291,173,bike_walker,248,11,284,70
bike_890.jpg,291,173,bike_walker,1,12,153,173
bike_886.jpg,866,1300,bike_walker,184,190,643,1035
bike_888.jpg,1300,957,bike_walker,191,194,722,871
bike_887.jpg,863,1390,bike_walker,126,106,794,1138
bike_885.jpg,866,1390,bike_walker,69,503,743,1238
bike_884.jpg,1300,866,bike_walker,560,110,948,693
bike_884.jpg,1300,866,bike_walker,89,91,479,678
bike_881.jpg,710,400,bike_walker,94,10,421,400
bike_880.jpg,1140,802,bike_walker,413,9,889,802
bike_879.jpg,1600,1157,bike_walker,582,81,1281,1036
bike_876.jpg,1300,956,bike_walker,184,91,658,796
bike_876.jpg,1300,956,bike_walker,660,48,1168,815
bike_877.jpg,1600,1167,bike_walker,960,69,1600,1063
bike_877.jpg,1600,1167,bike_walker,151,70,903,1081
bike_875.jpg,853,480,bike_walker,363,16,619,442
bike_874.jpg,450,320,bike_walker,38,22,320,289
bike_873.jpg,275,183,bike_walker,67,14,192,183
bike_872.jpg,1300,958,bike_walker,90,125,620,878
bike_871.jpg,650,433,bike_walker,206,68,394,361
bike_869.jpg,1200,800,bike_walker,275,110,762,800
bike_868.jpg,177,285,bike_walker,45,67,167,264
bike_865.jpg,867,1300,bike_walker,21,33,867,1300
bike_866.jpg,867,1300,bike_walker,114,129,659,1238
bike_867.jpg,193,262,bike_walker,20,41,157,249
bike_864.jpg,1256,1390,bike_walker,438,200,986,1178
bike_863.jpg,590,332,bike_walker,215,11,496,328
bike_862.jpg,300,470,bike_walker,52,24,279,411
bike_861.jpg,801,1200,bike_walker,79,96,579,1171
bike_859.jpg,683,1024,bike_walker,211,168,580,919
bike_858.jpg,1300,867,bike_walker,20,1,643,764
bike_857.jpg,1300,877,bike_walker,133,238,739,806
bike_853.jpg,975,1300,bike_walker,105,85,820,1183
bike_854.jpg,956,1300,bike_walker,47,123,535,1039
bike_852.jpg,800,613,bike_walker,372,96,730,575
bike_851.jpg,801,1200,bike_walker,54,100,579,1171
bike_846.jpg,866,1300,bike_walker,161,253,573,1124
bike_848.jpg,895,1200,bike_walker,396,345,740,1067
bike_847.jpg,800,1200,bike_walker,249,318,597,992
bike_843.jpg,626,939,bike_walker,213,184,514,871
bike_844.jpg,626,938,bike_walker,44,290,483,930
bike_840.jpg,1068,1700,bike_walker,198,367,1068,1604
bike_839.jpg,250,250,bike_walker,19,37,148,202
bike_838.jpg,860,839,bike_walker,23,18,854,784
bike_837.jpg,2900,3050,bike_walker,869,68,2840,2955
bike_836.jpg,866,1300,bike_walker,80,86,776,1242
bike_835.jpg,400,400,bike_walker,33,81,250,400
bike_834.jpg,236,247,bike_walker,79,7,225,245
bike_832.jpg,860,1104,bike_walker,83,32,764,1084
bike_831.jpg,193,261,bike_walker,28,9,172,257
bike_829.jpg,866,1390,bike_walker,97,84,794,1245
bike_828.jpg,183,275,bike_walker,37,64,145,253
bike_827.jpg,867,1300,bike_walker,105,89,685,1300
bike_826.jpg,1600,1167,bike_walker,483,86,1344,1076
bike_825.jpg,266,189,bike_walker,18,10,195,177
bike_823.jpg,867,1300,bike_walker,77,145,783,1208
bike_824.jpg,1068,1700,bike_walker,150,361,1068,1595
bike_821.jpg,630,430,bike_walker,131,16,511,430
bike_822.jpg,957,1300,bike_walker,113,205,632,1205
bike_820.jpg,640,427,bike_walker,109,1,395,384
bike_819.jpg,225,225,bike_walker,44,30,163,216
bike_818.jpg,600,450,bike_walker,132,66,342,433
bike_817.jpg,1280,720,bike_walker,218,255,802,720
bike_814.jpg,600,399,bike_walker,198,75,389,394
bike_816.jpg,500,750,bike_walker,11,40,418,750
bike_815.jpg,199,253,bike_walker,30,52,136,230
bike_812.jpg,600,400,bike_walker,325,16,563,400
bike_812.jpg,600,400,bike_walker,73,25,332,400
bike_811.jpg,478,295,bike_walker,135,20,365,295
bike_810.jpg,1727,960,bike_walker,270,1,1045,927
bike_807.jpg,550,825,bike_walker,46,89,454,813
bike_808.jpg,2048,1363,bike_walker,252,323,1100,1099
bike_806.jpg,512,341,bike_walker,151,41,343,341
bike_803.jpg,500,333,bike_walker,215,45,407,248
bike_803.jpg,500,333,bike_walker,85,77,192,209
bike_803.jpg,500,333,bike_walker,14,91,84,206
bike_801.jpg,450,299,bike_walker,166,71,282,227
bike_800.jpg,768,528,bike_walker,179,76,768,528
bike_799.jpg,500,667,bike_walker,167,203,381,455
bike_798.jpg,600,800,bike_walker,18,76,508,771
bike_797.jpg,660,495,bike_walker,83,5,581,495
bike_793.jpg,300,470,bike_walker,30,74,228,444
bike_791.jpg,768,512,bike_walker,183,30,647,502
bike_792.jpg,433,650,bike_walker,64,102,297,505
bike_790.jpg,801,1200,bike_walker,178,280,611,1111
bike_788.jpg,600,400,bike_walker,101,155,256,366
bike_789.jpg,267,400,bike_walker,157,162,249,344
bike_787.jpg,307,400,bike_walker,88,231,183,400
bike_786.jpg,267,400,bike_walker,19,85,262,369
bike_785.jpg,266,400,bike_walker,14,64,155,341
bike_784.jpg,600,400,bike_walker,91,150,244,400
bike_782.jpg,600,400,bike_walker,224,80,376,354
bike_781.jpg,267,400,bike_walker,25,114,157,350
bike_779.jpg,267,400,bike_walker,76,152,183,334
bike_780.jpg,600,400,bike_walker,1,116,128,352
bike_778.jpg,267,400,bike_walker,106,157,202,360
bike_777.jpg,600,400,bike_walker,394,143,529,355
bike_776.jpg,267,400,bike_walker,44,91,167,326
bike_775.jpg,267,400,bike_walker,121,233,202,384
bike_773.jpg,600,400,bike_walker,26,73,287,367
bike_772.jpg,267,400,bike_walker,138,84,267,400
bike_771.jpg,267,400,bike_walker,23,137,108,341
bike_769.jpg,600,400,bike_walker,26,76,173,374
bike_770.jpg,600,400,bike_walker,299,149,423,397
bike_767.jpg,267,400,bike_walker,53,146,190,383
bike_766.jpg,267,400,bike_walker,83,67,189,276
bike_765.jpg,267,400,bike_walker,24,146,173,395
bike_764.jpg,600,400,bike_walker,370,53,520,386
bike_763.jpg,267,400,bike_walker,70,123,187,400
bike_761.jpg,600,400,bike_walker,107,157,314,364
bike_756.jpg,600,400,bike_walker,188,107,427,380
bike_757.jpg,587,400,bike_walker,281,125,567,391
bike_755.jpg,267,400,bike_walker,91,189,206,400
bike_754.jpg,622,400,bike_walker,118,168,326,356
bike_753.jpg,267,400,bike_walker,27,3,241,400
bike_752.jpg,599,400,bike_walker,328,111,481,368
bike_749.jpg,267,400,bike_walker,64,178,151,341
bike_748.jpg,601,400,bike_walker,192,67,501,316
bike_747.jpg,600,400,bike_walker,383,83,596,346
bike_747.jpg,600,400,bike_walker,89,36,344,400
bike_747.jpg,600,400,bike_walker,26,84,194,336
bike_743.jpg,267,400,bike_walker,90,165,220,352
bike_742.jpg,266,400,bike_walker,67,207,154,362
bike_741.jpg,599,400,bike_walker,132,14,467,381
bike_737.jpg,600,400,bike_walker,134,104,412,395
bike_740.jpg,267,400,bike_walker,58,64,207,400
bike_736.jpg,600,400,bike_walker,201,103,469,364
bike_735.jpg,600,400,bike_walker,191,52,403,398
bike_734.jpg,600,400,bike_walker,205,16,400,366
bike_732.jpg,267,400,bike_walker,27,79,187,373
bike_731.jpg,600,400,bike_walker,247,99,463,378
bike_728.jpg,600,400,bike_walker,102,104,243,400
bike_729.jpg,267,400,bike_walker,47,172,188,400
bike_727.jpg,267,400,bike_walker,52,80,169,312
bike_726.jpg,599,400,bike_walker,204,73,411,314
bike_725.jpg,267,400,bike_walker,70,119,223,388
bike_724.jpg,600,400,bike_walker,210,8,410,341
bike_722.jpg,600,400,bike_walker,144,64,319,399
bike_723.jpg,600,400,bike_walker,136,54,377,400
bike_721.jpg,599,400,bike_walker,270,96,575,389
bike_720.jpg,600,400,bike_walker,243,109,397,364
bike_719.jpg,600,400,bike_walker,484,165,523,246
bike_718.jpg,267,400,bike_walker,87,164,195,365
bike_715.jpg,267,400,bike_walker,119,152,238,347
bike_713.jpg,267,400,bike_walker,104,224,188,373
bike_712.jpg,601,400,bike_walker,190,44,487,376
bike_711.jpg,501,400,bike_walker,135,174,262,325
bike_710.jpg,599,400,bike_walker,275,53,455,400
bike_707.jpg,319,400,bike_walker,63,142,224,323
bike_706.jpg,600,400,bike_walker,314,78,460,286
bike_705.jpg,267,400,bike_walker,18,112,257,342
bike_703.jpg,600,400,bike_walker,249,85,418,343
bike_702.jpg,267,400,bike_walker,35,137,174,386
bike_699.jpg,267,400,bike_walker,50,115,183,336
bike_697.jpg,267,400,bike_walker,86,83,232,347
bike_696.jpg,267,400,bike_walker,10,43,225,400
bike_694.jpg,267,400,bike_walker,58,170,158,354
bike_693.jpg,267,400,bike_walker,52,125,227,393
bike_692.jpg,267,400,bike_walker,107,101,201,265
bike_688.jpg,267,400,bike_walker,12,43,194,400
bike_691.jpg,600,400,bike_walker,53,91,348,371
bike_690.jpg,600,400,bike_walker,101,9,412,353
bike_687.jpg,267,400,bike_walker,5,15,183,363
bike_686.jpg,599,400,bike_walker,343,63,543,395
bike_689.jpg,600,400,bike_walker,74,1,476,365
bike_685.jpg,600,400,bike_walker,333,160,469,380
bike_682.jpg,267,400,bike_walker,38,29,234,388
bike_683.jpg,267,400,bike_walker,12,16,255,339
bike_679.jpg,599,400,bike_walker,75,65,238,400
bike_679.jpg,599,400,bike_walker,302,63,460,382
bike_681.jpg,267,400,bike_walker,61,32,267,400
bike_677.jpg,267,400,bike_walker,51,164,172,400
bike_676.jpg,575,400,bike_walker,149,70,339,400
bike_675.jpg,267,400,bike_walker,112,262,227,376
bike_675.jpg,267,400,bike_walker,2,257,111,378
bike_674.jpg,267,400,bike_walker,20,83,252,377
bike_673.jpg,267,400,bike_walker,23,176,229,375
bike_670.jpg,600,400,bike_walker,143,31,386,400
bike_668.jpg,600,400,bike_walker,232,110,337,333
bike_668.jpg,600,400,bike_walker,329,89,451,367
bike_664.jpg,267,400,bike_walker,79,82,251,380
bike_666.jpg,265,400,bike_walker,17,52,216,400
bike_663.jpg,267,400,bike_walker,5,171,211,384
bike_661.jpg,600,400,bike_walker,112,86,325,400
bike_659.jpg,586,400,bike_walker,207,71,374,391
bike_659.jpg,586,400,bike_walker,377,56,555,352
bike_656.jpg,600,400,bike_walker,344,125,446,341
bike_660.jpg,600,400,bike_walker,188,103,415,338
bike_654.jpg,600,400,bike_walker,130,25,331,397
bike_654.jpg,600,400,bike_walker,303,31,529,378
bike_652.jpg,267,400,bike_walker,23,38,225,400
bike_650.jpg,267,400,bike_walker,28,93,213,400
bike_648.jpg,267,400,bike_walker,70,102,164,280
bike_644.jpg,267,400,bike_walker,130,234,195,364
bike_644.jpg,267,400,bike_walker,52,237,126,363
bike_649.jpg,600,400,bike_walker,222,55,434,400
bike_649.jpg,600,400,bike_walker,63,53,225,342
bike_645.jpg,267,400,bike_walker,22,121,160,396
bike_646.jpg,267,400,bike_walker,87,131,209,377
bike_640.jpg,600,400,bike_walker,138,34,420,370
bike_639.jpg,600,400,bike_walker,182,91,420,365
bike_638.jpg,600,400,bike_walker,185,104,293,302
bike_636.jpg,267,400,bike_walker,70,183,161,336
bike_635.jpg,267,400,bike_walker,25,253,136,385
bike_631.jpg,267,400,bike_walker,62,166,258,374
bike_632.jpg,267,400,bike_walker,5,80,198,400
bike_630.jpg,267,400,bike_walker,4,102,173,400
bike_629.jpg,267,400,bike_walker,46,105,239,400
bike_628.jpg,600,400,bike_walker,161,143,432,394
bike_627.jpg,267,400,bike_walker,1,144,72,285
bike_627.jpg,267,400,bike_walker,40,150,115,303
bike_627.jpg,267,400,bike_walker,113,137,201,320
bike_625.jpg,267,400,bike_walker,109,270,173,370
bike_624.jpg,599,400,bike_walker,363,38,581,391
bike_622.jpg,267,400,bike_walker,11,46,194,395
bike_623.jpg,267,400,bike_walker,102,238,190,400
bike_621.jpg,267,400,bike_walker,76,171,180,371
bike_617.jpg,600,400,bike_walker,132,91,402,400
bike_616.jpg,600,400,bike_walker,154,164,269,358
bike_614.jpg,267,400,bike_walker,59,122,192,377
bike_615.jpg,577,400,bike_walker,223,1,577,399
bike_613.jpg,267,400,bike_walker,62,58,236,383
bike_611.jpg,599,400,bike_walker,43,1,463,399
bike_610.jpg,267,400,bike_walker,153,281,225,374
bike_609.jpg,600,400,bike_walker,221,30,353,225
bike_608.jpg,600,400,bike_walker,80,88,390,400
bike_606.jpg,267,400,bike_walker,1,48,218,400
bike_604.jpg,251,400,bike_walker,41,54,177,365
bike_603.jpg,267,400,bike_walker,85,182,267,400
bike_602.jpg,267,400,bike_walker,19,173,227,388
bike_601.jpg,599,400,bike_walker,130,105,306,278
bike_600.jpg,267,400,bike_walker,57,127,203,373
bike_598.jpg,615,400,bike_walker,220,64,379,386
bike_597.jpg,267,400,bike_walker,59,121,182,364
bike_596.jpg,612,400,bike_walker,63,102,361,390
bike_595.jpg,600,400,bike_walker,62,46,360,360
bike_593.jpg,267,400,bike_walker,73,170,203,392
bike_594.jpg,599,400,bike_walker,321,154,474,327
bike_592.jpg,481,400,bike_walker,116,138,389,397
bike_591.jpg,600,400,bike_walker,133,265,220,354
bike_590.jpg,267,400,bike_walker,46,18,251,400
bike_588.jpg,600,400,bike_walker,126,153,268,294
bike_587.jpg,601,400,bike_walker,138,188,293,360
bike_586.jpg,267,400,bike_walker,102,245,175,335
bike_584.jpg,267,400,bike_walker,61,118,193,276
bike_582.jpg,500,400,bike_walker,252,117,402,287
bike_580.jpg,600,400,bike_walker,186,21,379,381
bike_578.jpg,600,400,bike_walker,333,115,493,293
bike_576.jpg,267,400,bike_walker,97,173,199,345
bike_575.jpg,267,400,bike_walker,46,19,212,225
bike_574.jpg,267,400,bike_walker,50,120,168,389
bike_573.jpg,267,400,bike_walker,12,72,186,382
bike_572.jpg,267,400,bike_walker,82,119,236,291
bike_571.jpg,267,400,bike_walker,94,132,195,344
bike_570.jpg,600,400,bike_walker,231,219,341,331
bike_568.jpg,599,400,bike_walker,16,99,305,388
bike_569.jpg,533,400,bike_walker,120,85,390,359
bike_567.jpg,267,400,bike_walker,112,149,208,388
bike_563.jpg,599,400,bike_walker,287,104,452,381
bike_562.jpg,267,400,bike_walker,32,169,196,343
bike_561.jpg,599,400,bike_walker,123,132,420,368
bike_560.jpg,267,400,bike_walker,67,148,162,329
bike_559.jpg,268,400,bike_walker,67,89,193,349
bike_558.jpg,267,400,bike_walker,92,192,233,333
bike_557.jpg,267,400,bike_walker,7,129,246,370
bike_555.jpg,400,400,bike_walker,129,103,253,347
bike_554.jpg,599,400,bike_walker,126,129,282,400
bike_552.jpg,599,400,bike_walker,179,68,484,400
bike_551.jpg,267,400,bike_walker,32,111,175,394
bike_550.jpg,600,400,bike_walker,253,133,337,289
bike_548.jpg,267,400,bike_walker,69,186,140,312
bike_547.jpg,600,400,bike_walker,244,95,429,400
bike_547.jpg,600,400,bike_walker,51,55,242,400
bike_546.jpg,610,400,bike_walker,278,73,469,385
bike_543.jpg,600,400,bike_walker,200,90,420,314
bike_545.jpg,600,400,bike_walker,253,169,336,309
bike_538.jpg,600,400,bike_walker,148,66,346,400
bike_542.jpg,600,400,bike_walker,51,57,304,400
bike_536.jpg,267,400,bike_walker,172,134,267,335
bike_536.jpg,267,400,bike_walker,96,141,170,323
bike_536.jpg,267,400,bike_walker,14,137,96,330
bike_535.jpg,600,400,bike_walker,430,133,506,273
bike_534.jpg,599,400,bike_walker,304,56,493,395
bike_532.jpg,320,400,bike_walker,57,32,265,395
bike_533.jpg,267,400,bike_walker,49,121,210,395
bike_531.jpg,267,400,bike_walker,46,54,246,388
bike_529.jpg,600,400,bike_walker,44,17,394,395
bike_526.jpg,600,400,bike_walker,184,107,413,331
bike_524.jpg,1200,800,bike_walker,221,333,604,702
bike_523.jpg,590,332,bike_walker,229,14,493,328
bike_521.jpg,626,938,bike_walker,60,312,479,928
bike_520.jpg,626,939,bike_walker,101,90,518,939
bike_515.jpg,433,650,bike_walker,107,246,309,650
bike_517.jpg,1300,958,bike_walker,281,182,742,836
bike_514.jpg,650,355,bike_walker,282,12,480,354
bike_512.jpg,650,433,bike_walker,101,24,357,433
bike_510.jpg,433,650,bike_walker,152,180,316,463
bike_508.jpg,650,433,bike_walker,368,35,591,396
bike_506.jpg,650,434,bike_walker,196,8,420,426
bike_507.jpg,434,650,bike_walker,30,132,387,541
bike_502.jpg,650,404,bike_walker,307,93,418,283
bike_502.jpg,650,404,bike_walker,411,82,525,286
bike_501.jpg,650,433,bike_walker,241,116,363,355
bike_501.jpg,650,433,bike_walker,346,116,471,360
bike_500.jpg,650,434,bike_walker,241,143,369,377
bike_500.jpg,650,434,bike_walker,372,146,501,382
bike_499.jpg,650,449,bike_walker,267,174,424,449
bike_498.jpg,650,433,bike_walker,166,142,279,389
bike_498.jpg,650,433,bike_walker,286,150,426,387
bike_494.jpg,650,433,bike_walker,142,70,366,433
bike_493.jpg,650,434,bike_walker,117,132,222,319
bike_491.jpg,650,433,bike_walker,244,66,431,400
bike_492.jpg,650,433,bike_walker,349,119,532,379
bike_490.jpg,650,433,bike_walker,226,28,598,433
bike_489.jpg,650,433,bike_walker,180,31,575,433
bike_487.jpg,434,650,bike_walker,146,247,357,577
bike_488.jpg,650,433,bike_walker,285,131,546,382
bike_485.jpg,650,432,bike_walker,34,72,196,432
bike_485.jpg,650,432,bike_walker,202,59,427,392
bike_482.jpg,650,433,bike_walker,129,40,546,429
bike_480.jpg,433,650,bike_walker,12,155,433,616
bike_479.jpg,434,650,bike_walker,175,214,434,620
bike_478.jpg,650,433,bike_walker,291,189,406,433
bike_471.jpg,650,433,bike_walker,161,94,348,410
bike_473.jpg,650,433,bike_walker,284,105,514,433
bike_473.jpg,650,433,bike_walker,29,77,287,433
bike_468.jpg,650,434,bike_walker,159,94,372,418
bike_468.jpg,650,434,bike_walker,301,131,494,405
bike_466.jpg,434,650,bike_walker,21,169,361,650
bike_467.jpg,434,650,bike_walker,98,169,349,588
bike_464.jpg,650,434,bike_walker,212,87,378,366
bike_464.jpg,650,434,bike_walker,369,101,517,368
bike_463.jpg,650,434,bike_walker,152,130,321,401
bike_463.jpg,650,434,bike_walker,328,137,512,406
bike_462.jpg,650,434,bike_walker,178,141,327,389
bike_462.jpg,650,434,bike_walker,331,137,486,419
bike_459.jpg,434,650,bike_walker,46,162,344,606
bike_455.jpg,650,433,bike_walker,217,100,372,364
bike_454.jpg,650,433,bike_walker,162,117,381,409
bike_454.jpg,650,433,bike_walker,374,102,556,411
bike_452.jpg,650,355,bike_walker,293,10,484,353
bike_451.jpg,650,433,bike_walker,300,60,546,404
bike_450.jpg,650,434,bike_walker,219,31,426,422
bike_448.jpg,650,434,bike_walker,280,154,412,418
bike_445.jpg,650,434,bike_walker,67,168,242,404
bike_442.jpg,650,433,bike_walker,155,2,349,419
bike_443.jpg,650,433,bike_walker,139,46,408,433
bike_440.jpg,650,434,bike_walker,159,91,386,434
bike_437.jpg,434,650,bike_walker,42,140,374,616
bike_436.jpg,434,650,bike_walker,61,209,346,558
bike_435.jpg,650,434,bike_walker,324,177,590,434
bike_433.jpg,650,433,bike_walker,330,179,428,357
bike_433.jpg,650,433,bike_walker,432,167,515,361
bike_431.jpg,434,650,bike_walker,95,238,258,523
bike_431.jpg,434,650,bike_walker,250,262,409,539
bike_428.jpg,650,433,bike_walker,161,91,354,424
bike_428.jpg,650,433,bike_walker,316,83,482,432
bike_426.jpg,650,433,bike_walker,369,40,594,400
bike_421.jpg,650,434,bike_walker,491,149,650,409
bike_422.jpg,650,433,bike_walker,181,161,461,433
bike_420.jpg,650,443,bike_walker,256,127,353,312
bike_420.jpg,650,443,bike_walker,363,139,453,314
bike_417.jpg,650,433,bike_walker,89,89,267,386
bike_416.jpg,650,434,bike_walker,214,113,388,381
bike_415.jpg,433,650,bike_walker,81,116,269,506
bike_413.jpg,433,650,bike_walker,81,114,264,510
bike_413.jpg,433,650,bike_walker,261,95,417,520
bike_410.jpg,650,434,bike_walker,223,88,408,434
bike_408.jpg,650,434,bike_walker,211,120,464,404
bike_407.jpg,434,650,bike_walker,43,188,420,585
bike_406.jpg,650,434,bike_walker,255,147,505,434
bike_405.jpg,650,434,bike_walker,286,103,485,434
bike_403.jpg,650,434,bike_walker,27,182,168,388
bike_401.jpg,434,650,bike_walker,105,175,360,588
bike_400.jpg,650,433,bike_walker,281,101,567,424
bike_399.jpg,650,434,bike_walker,214,145,421,388
bike_396.jpg,433,650,bike_walker,26,50,355,650
bike_394.jpg,433,650,bike_walker,68,209,252,585
bike_393.jpg,650,433,bike_walker,299,173,382,341
bike_393.jpg,650,433,bike_walker,356,173,446,346
bike_392.jpg,650,355,bike_walker,291,11,472,349
bike_391.jpg,650,434,bike_walker,271,107,419,421
bike_390.jpg,650,433,bike_walker,231,74,418,433
bike_384.jpg,650,433,bike_walker,208,76,393,357
bike_383.jpg,1600,1167,bike_walker,439,194,1123,955
bike_389.jpg,433,650,bike_walker,118,193,292,571
bike_382.jpg,1600,1167,bike_walker,347,175,973,1074
bike_381.jpg,1600,1167,bike_walker,329,23,888,1042
bike_380.jpg,1600,1179,bike_walker,506,13,1261,1066
bike_379.jpg,1600,1136,bike_walker,691,128,1521,1034
bike_378.jpg,1600,1177,bike_walker,404,72,1062,1060
bike_377.jpg,1600,1167,bike_walker,649,106,1577,1021
bike_376.jpg,1023,682,bike_walker,452,162,697,648
bike_375.jpg,1023,682,bike_walker,479,132,862,618
bike_374.jpg,1023,682,bike_walker,492,148,826,598
bike_373.jpg,1067,1700,bike_walker,28,540,1023,1535
bike_370.jpg,1067,1700,bike_walker,214,456,962,1549
bike_369.jpg,1600,1167,bike_walker,176,122,1065,1010
bike_368.jpg,1600,1167,bike_walker,59,104,965,1028
bike_367.jpg,1600,1167,bike_walker,304,460,545,905
bike_367.jpg,1600,1167,bike_walker,562,457,815,936
bike_367.jpg,1600,1167,bike_walker,847,259,1207,922
bike_367.jpg,1600,1167,bike_walker,1247,253,1561,944
bike_371.jpg,1600,1167,bike_walker,219,58,983,1047
bike_366.jpg,1068,1700,bike_walker,32,442,976,1565
bike_364.jpg,1024,776,bike_walker,80,22,783,759
bike_362.jpg,1600,1167,bike_walker,540,80,1559,1051
bike_360.jpg,1600,1167,bike_walker,420,112,999,996
bike_359.jpg,682,1023,bike_walker,68,121,548,942
bike_357.jpg,682,1023,bike_walker,50,33,481,946
bike_358.jpg,682,1023,bike_walker,60,37,559,1023
bike_356.jpg,1600,1167,bike_walker,684,16,1281,1075
bike_355.jpg,1600,1167,bike_walker,651,2,1460,1073
bike_354.jpg,682,1023,bike_walker,124,123,538,1023
bike_350.jpg,688,1023,bike_walker,3,153,596,1009
bike_349.jpg,678,1023,bike_walker,30,319,650,991
bike_347.jpg,1054,1700,bike_walker,150,363,721,1510
bike_346.jpg,1067,1700,bike_walker,107,276,757,1310
bike_343.jpg,682,1023,bike_walker,38,74,636,1003
bike_341.jpg,682,1023,bike_walker,1,180,602,984
bike_339.jpg,1600,1300,bike_walker,419,239,1040,1192
bike_338.jpg,1200,1700,bike_walker,148,370,1135,1508
bike_335.jpg,1067,1700,bike_walker,1,70,1044,1610
bike_333.jpg,1600,1167,bike_walker,247,65,826,1001
bike_332.jpg,1023,682,bike_walker,435,156,617,471
bike_331.jpg,1024,768,bike_walker,328,205,711,594
bike_330.jpg,768,1024,bike_walker,288,448,510,893
bike_329.jpg,1024,768,bike_walker,379,277,587,604
bike_328.jpg,1024,768,bike_walker,170,243,604,693
bike_321.jpg,1023,683,bike_walker,432,130,718,674
bike_324.jpg,768,1024,bike_walker,128,315,567,825
bike_1.jpg,1023,682,bike_walker,168,39,738,653
bike_2.jpg,1023,682,bike_walker,223,145,468,658
bike_4.jpg,1023,682,bike_walker,184,73,768,653
bike_5.jpg,640,640,bike_walker,44,14,400,640
bike_5.jpg,640,640,bike_walker,346,1,639,639
bike_7.jpg,640,640,bike_walker,326,86,581,579
bike_9.jpg,640,640,bike_walker,181,25,478,587
bike_10.jpg,640,426,bike_walker,65,62,239,402
bike_11.jpg,682,1024,bike_walker,47,253,506,977
bike_12.jpg,682,1024,bike_walker,1,118,466,1022
bike_13.jpg,500,260,bike_walker,131,10,229,260
bike_13.jpg,500,260,bike_walker,216,1,345,260
bike_14.jpg,640,458,bike_walker,267,59,476,438
bike_16.jpg,1600,1167,bike_walker,730,230,1120,1007
bike_16.jpg,1600,1167,bike_walker,245,220,686,1018
bike_17.jpg,1600,1167,bike_walker,444,176,920,1015
bike_17.jpg,1600,1167,bike_walker,945,204,1403,996
bike_18.jpg,1600,1167,bike_walker,850,70,1425,1027
bike_18.jpg,1600,1167,bike_walker,252,91,830,1020
bike_19.jpg,1600,1167,bike_walker,860,5,1600,1064
bike_19.jpg,1600,1167,bike_walker,124,27,782,1065
bike_20.jpg,1280,853,bike_walker,268,297,708,827
bike_20.jpg,1280,853,bike_walker,613,113,1190,853
bike_22.jpg,1365,2048,bike_walker,247,373,1195,1684
bike_23.jpg,800,1067,bike_walker,173,234,792,1067
bike_25.jpg,1000,667,bike_walker,1,120,513,646
bike_26.jpg,1256,1390,bike_walker,469,235,984,1159
bike_27.jpg,866,1300,bike_walker,163,257,572,1123
bike_29.jpg,1600,1167,bike_walker,508,110,1335,1038
bike_30.jpg,1600,1167,bike_walker,546,133,1219,1060
bike_31.jpg,1600,1167,bike_walker,456,178,1251,1000
bike_32.jpg,1600,1180,bike_walker,199,304,877,968
bike_33.jpg,1600,1167,bike_walker,684,447,908,948
bike_34.jpg,1600,1167,bike_walker,682,63,1110,900
bike_35.jpg,1600,944,bike_walker,274,34,934,845
bike_36.jpg,1600,1167,bike_walker,555,189,1410,1068
bike_37.jpg,1600,1167,bike_walker,684,116,1175,979
bike_39.jpg,1067,1700,bike_walker,267,413,823,1524
bike_40.jpg,1048,1700,bike_walker,123,79,800,1535
bike_41.jpg,1067,1700,bike_walker,253,336,826,1517
bike_42.jpg,682,1023,bike_walker,110,248,472,880
bike_43.jpg,1023,682,bike_walker,266,199,745,667
bike_45.jpg,1600,1167,bike_walker,530,54,1330,1033
bike_46.jpg,1600,1167,bike_walker,255,94,1089,1021
bike_47.jpg,1600,1168,bike_walker,738,1,1381,1068
bike_48.jpg,1600,1168,bike_walker,173,1,693,890
bike_51.jpg,1600,1168,bike_walker,830,21,1600,801
bike_52.jpg,1068,1700,bike_walker,332,328,1068,1578
bike_54.jpg,693,1024,bike_walker,101,76,553,961
bike_56.jpg,1600,1168,bike_walker,856,351,1156,959
bike_57.jpg,1600,1168,bike_walker,776,96,1171,969
bike_58.jpg,1068,1700,bike_walker,378,528,878,1563
bike_59.jpg,1600,1224,bike_walker,582,241,1068,1114
bike_61.jpg,1600,1167,bike_walker,486,204,1273,1015
bike_62.jpg,1068,1700,bike_walker,201,329,1000,1506
bike_63.jpg,1600,1167,bike_walker,738,297,1328,978
bike_65.jpg,1600,1167,bike_walker,738,274,1192,1053
bike_66.jpg,719,1023,bike_walker,184,273,544,1007
bike_67.jpg,1023,719,bike_walker,187,241,556,671
bike_68.jpg,719,1023,bike_walker,112,319,643,825
bike_70.jpg,1067,1700,bike_walker,92,390,1067,1608
bike_73.jpg,1600,1168,bike_walker,808,116,1313,1044
bike_74.jpg,1600,1168,bike_walker,261,206,999,1020
bike_75.jpg,1600,1167,bike_walker,823,147,1271,1021
bike_77.jpg,1067,1700,bike_walker,214,379,892,1506
bike_78.jpg,1600,1167,bike_walker,534,206,1115,980
bike_79.jpg,1023,683,bike_walker,579,179,817,572
bike_80.jpg,1023,683,bike_walker,15,55,553,640
bike_81.jpg,1600,1163,bike_walker,219,203,1083,1045
bike_82.jpg,1600,1168,bike_walker,312,141,821,999
bike_84.jpg,1600,1167,bike_walker,587,238,1023,1010
bike_85.jpg,1600,1167,bike_walker,673,275,1034,960
bike_86.jpg,1067,1700,bike_walker,269,476,917,1519
bike_87.jpg,1600,1167,bike_walker,528,110,1028,1030
bike_88.jpg,1067,1700,bike_walker,87,308,871,1560
bike_89.jpg,1600,1167,bike_walker,360,179,1091,997
bike_90.jpg,1600,1167,bike_walker,780,101,1489,976
bike_91.jpg,1600,1167,bike_walker,854,181,1356,1069
bike_92.jpg,1600,1167,bike_walker,676,138,1308,1072
bike_93.jpg,1068,1700,bike_walker,192,313,998,1504
bike_94.jpg,1600,1168,bike_walker,615,184,1408,1023
bike_95.jpg,1067,1700,bike_walker,285,588,862,1608
bike_96.jpg,1600,1162,bike_walker,552,104,1430,1036
bike_97.jpg,1600,1167,bike_walker,419,172,868,1069
bike_98.jpg,1023,681,bike_walker,333,169,580,647
bike_99.jpg,681,1023,bike_walker,259,161,514,750
bike_100.jpg,1023,681,bike_walker,328,160,587,647
bike_101.jpg,1023,681,bike_walker,324,131,594,681
bike_102.jpg,1023,682,bike_walker,343,155,692,617
bike_103.jpg,1600,1126,bike_walker,693,199,1183,899
bike_104.jpg,678,1024,bike_walker,90,82,611,989
bike_105.jpg,1023,682,bike_walker,401,109,723,682
bike_106.jpg,1600,1208,bike_walker,467,25,1532,1070
bike_111.jpg,1600,1167,bike_walker,318,158,903,1068
bike_112.jpg,1600,1124,bike_walker,254,108,1013,1030
bike_114.jpg,1067,1700,bike_walker,3,220,1067,1590
bike_116.jpg,1067,1700,bike_walker,3,206,1067,1601
bike_117.jpg,1067,1700,bike_walker,3,186,1064,1585
bike_119.jpg,1068,1700,bike_walker,276,420,1044,1531
bike_120.jpg,1068,1700,bike_walker,89,376,766,1585
bike_121.jpg,1600,1168,bike_walker,755,263,1184,1046
bike_122.jpg,1023,682,bike_walker,334,151,633,671
bike_123.jpg,1023,662,bike_walker,45,275,439,662
bike_124.jpg,682,1023,bike_walker,229,381,556,955
bike_125.jpg,1600,1167,bike_walker,1082,407,1523,1063
bike_127.jpg,1600,1167,bike_walker,1,237,877,1069
bike_127.jpg,1600,1167,bike_walker,445,269,1150,1068
bike_128.jpg,1600,1167,bike_walker,633,73,1005,833
bike_128.jpg,1600,1167,bike_walker,1008,90,1298,835
bike_129.jpg,1600,1167,bike_walker,214,185,1124,1069
bike_132.jpg,1023,682,bike_walker,607,42,895,646
bike_133.jpg,1024,683,bike_walker,428,107,935,669
bike_134.jpg,1023,683,bike_walker,387,25,704,678
bike_135.jpg,1600,1167,bike_walker,466,1,1214,936
bike_137.jpg,1023,681,bike_walker,264,25,796,644
bike_138.jpg,1023,682,bike_walker,494,132,904,650
bike_141.jpg,1600,1167,bike_walker,386,59,1150,1037
bike_142.jpg,1023,682,bike_walker,296,222,666,672
bike_143.jpg,1600,1167,bike_walker,141,233,918,991
bike_144.jpg,1600,1167,bike_walker,650,89,1499,1030
bike_146.jpg,1067,1700,bike_walker,250,328,923,1611
bike_147.jpg,1600,1167,bike_walker,950,278,1388,1025
bike_149.jpg,1600,1167,bike_walker,878,323,1273,1044
bike_151.jpg,1600,1167,bike_walker,515,16,1066,1044
bike_152.jpg,1600,1167,bike_walker,254,33,1284,1025
bike_153.jpg,1068,1700,bike_walker,223,165,905,1533
bike_154.jpg,779,1023,bike_walker,280,242,706,1007
bike_155.jpg,1600,1167,bike_walker,180,110,1063,1015
bike_157.jpg,682,1023,bike_walker,188,227,554,961
bike_159.jpg,682,1023,bike_walker,146,288,474,1000
bike_162.jpg,1068,1700,bike_walker,21,554,1067,1570
bike_163.jpg,628,1023,bike_walker,129,143,579,1016
bike_164.jpg,1600,1167,bike_walker,333,112,939,1057
bike_165.jpg,1600,1167,bike_walker,750,274,1333,986
bike_166.jpg,1600,1167,bike_walker,730,227,1213,1078
bike_167.jpg,1067,1700,bike_walker,167,429,730,1586
bike_168.jpg,1600,1168,bike_walker,835,54,1302,1020
bike_169.jpg,1600,1168,bike_walker,65,65,808,1014
bike_171.jpg,1600,1167,bike_walker,814,186,1241,983
bike_172.jpg,1600,1165,bike_walker,745,115,1372,845
bike_173.jpg,1600,1167,bike_walker,687,252,1098,1037
bike_174.jpg,1065,1700,bike_walker,193,615,788,1486
bike_175.jpg,1023,683,bike_walker,204,184,418,594
bike_176.jpg,1023,683,bike_walker,169,60,470,679
bike_177.jpg,1600,1167,bike_walker,476,164,978,963
bike_179.jpg,1023,681,bike_walker,415,193,593,567
bike_180.jpg,1600,1167,bike_walker,589,268,947,912
bike_181.jpg,1600,1167,bike_walker,603,153,1259,788
bike_182.jpg,1600,1168,bike_walker,430,144,1197,1002
bike_183.jpg,1600,1167,bike_walker,351,153,1093,1009
bike_184.jpg,1024,701,bike_walker,366,17,797,677
bike_185.jpg,1067,1700,bike_walker,14,147,887,1567
bike_186.jpg,1023,681,bike_walker,399,78,677,616
bike_186.jpg,1023,681,bike_walker,685,18,987,637
bike_188.jpg,1068,1700,bike_walker,89,335,719,1608
bike_189.jpg,1600,1167,bike_walker,613,112,1417,936
bike_190.jpg,1023,682,bike_walker,342,151,694,621
bike_191.jpg,1068,1700,bike_walker,360,417,942,1578
bike_192.jpg,1600,1169,bike_walker,657,258,1299,1036
bike_193.jpg,1600,1038,bike_walker,714,232,1221,941
bike_194.jpg,1600,1140,bike_walker,574,153,1192,1037
bike_195.jpg,1600,1166,bike_walker,104,122,1005,1053
bike_196.jpg,1067,1700,bike_walker,334,194,996,1556
bike_197.jpg,1600,1167,bike_walker,500,258,997,1020
bike_198.jpg,1013,1023,bike_walker,336,421,817,964
bike_199.jpg,1600,1068,bike_walker,466,256,872,971
bike_200.jpg,1600,1167,bike_walker,476,295,1000,993
bike_201.jpg,1600,1167,bike_walker,518,230,1013,826
bike_202.jpg,1067,1700,bike_walker,228,583,708,1279
bike_204.jpg,1067,1700,bike_walker,307,597,762,1311
bike_205.jpg,638,1024,bike_walker,68,311,626,977
bike_206.jpg,1023,727,bike_walker,533,243,913,725
bike_207.jpg,1067,1700,bike_walker,408,878,830,1254
bike_208.jpg,1600,1300,bike_walker,362,104,1284,1133
bike_210.jpg,1600,1167,bike_walker,626,39,1359,1053
bike_211.jpg,1067,1700,bike_walker,210,419,782,1422
bike_212.jpg,1600,1167,bike_walker,736,69,1356,1070
bike_213.jpg,1600,1167,bike_walker,693,180,1430,1022
bike_214.jpg,1600,1167,bike_walker,492,170,1207,1051
bike_216.jpg,1600,1167,bike_walker,347,75,988,1067
bike_217.jpg,1067,1700,bike_walker,173,429,705,1353
bike_218.jpg,1600,1167,bike_walker,446,236,1136,1030
bike_221.jpg,1600,1167,bike_walker,434,57,1047,981
bike_222.jpg,1600,1167,bike_walker,165,226,1098,1069
bike_223.jpg,1067,1700,bike_walker,37,367,655,1460
bike_225.jpg,1600,1167,bike_walker,488,202,1241,975
bike_228.jpg,1068,1700,bike_walker,189,354,1064,1560
bike_229.jpg,1600,1167,bike_walker,259,90,1391,1072
bike_230.jpg,1600,1097,bike_walker,640,249,999,909
bike_231.jpg,1600,1167,bike_walker,342,114,1100,1073
bike_232.jpg,1600,1167,bike_walker,509,88,1149,959
bike_234.jpg,1600,1167,bike_walker,735,275,1530,1022
bike_235.jpg,1600,1167,bike_walker,710,96,1272,912
bike_236.jpg,1600,1167,bike_walker,535,285,1197,1035
bike_237.jpg,1600,1167,bike_walker,461,25,1018,1057
bike_239.jpg,1023,683,bike_walker,202,213,436,569
bike_240.jpg,1600,1167,bike_walker,445,73,1059,984
bike_241.jpg,1600,1168,bike_walker,268,327,899,941
bike_242.jpg,1600,1167,bike_walker,524,133,1210,1060
bike_243.jpg,1600,1167,bike_walker,263,269,808,1011
bike_244.jpg,1600,1167,bike_walker,160,235,1082,1070
bike_245.jpg,1600,1167,bike_walker,341,58,966,753
bike_246.jpg,1600,1167,bike_walker,270,111,928,1057
bike_249.jpg,1023,682,bike_walker,238,74,564,682
bike_253.jpg,1068,1700,bike_walker,282,356,826,1579
bike_254.jpg,1068,1700,bike_walker,153,126,705,1542
bike_255.jpg,1067,1700,bike_walker,162,186,1067,1445
bike_256.jpg,1600,1167,bike_walker,418,52,1276,1057
bike_257.jpg,700,1023,bike_walker,199,212,568,999
bike_258.jpg,1023,682,bike_walker,94,94,750,679
bike_259.jpg,682,1023,bike_walker,64,130,544,1023
bike_260.jpg,682,1023,bike_walker,324,674,586,1004
bike_261.jpg,1023,682,bike_walker,174,135,413,617
bike_262.jpg,1023,682,bike_walker,378,207,612,640
bike_264.jpg,682,1023,bike_walker,208,196,545,1011
bike_265.jpg,680,1023,bike_walker,29,302,552,994
bike_266.jpg,682,1023,bike_walker,60,196,656,979
bike_267.jpg,700,1023,bike_walker,188,207,587,994
bike_268.jpg,1067,1700,bike_walker,1,324,1067,1592
bike_269.jpg,1067,1700,bike_walker,23,381,1003,1576
bike_270.jpg,1600,1167,bike_walker,524,354,1261,1060
bike_271.jpg,1067,1700,bike_walker,23,231,1016,1492
bike_272.jpg,1600,1167,bike_walker,247,7,828,1006
bike_273.jpg,1067,1700,bike_walker,78,90,801,1595
bike_274.jpg,682,1023,bike_walker,104,387,623,982
bike_275.jpg,1067,1700,bike_walker,1,379,832,1604
bike_276.jpg,1067,1700,bike_walker,12,303,800,1515
bike_278.jpg,682,1023,bike_walker,93,82,578,991
bike_280.jpg,682,1023,bike_walker,44,185,458,967
bike_282.jpg,682,1023,bike_walker,67,196,648,969
bike_283.jpg,682,1023,bike_walker,79,124,532,1023
bike_284.jpg,678,1023,bike_walker,19,314,652,982
bike_285.jpg,1067,1700,bike_walker,83,454,866,1579
bike_287.jpg,682,1023,bike_walker,57,187,642,979
bike_289.jpg,682,1023,bike_walker,28,57,682,1023
bike_290.jpg,1600,1167,bike_walker,412,117,952,1006
bike_291.jpg,1068,1700,bike_walker,66,417,816,1315
bike_292.jpg,683,1023,bike_walker,41,209,618,1000
bike_293.jpg,683,1023,bike_walker,146,123,565,923
bike_294.jpg,683,1023,bike_walker,153,219,531,948
bike_296.jpg,682,1023,bike_walker,42,57,628,971
bike_298.jpg,1068,1700,bike_walker,128,210,821,1581
